<RefTypes><RefType id="31" name="Generic" reforder="10"><Fields><Field id="2" order="20">Author</Field>
<Field id="3" order="30">Year</Field>
<Field id="4" order="40">Title</Field>
<Field id="10" order="50">Secondary Author</Field>
<Field id="6" order="60">Secondary Title</Field>
<Field id="11" order="70">Place Published</Field>
<Field id="12" order="80">Publisher</Field>
<Field id="7" order="90">Volume</Field>
<Field id="9" order="100">Number of Volumes</Field>
<Field id="8" order="110">Number</Field>
<Field id="5" order="120">Pages</Field>
<Field id="35" order="130">Section</Field>
<Field id="22" order="140">Tertiary Author</Field>
<Field id="21" order="150">Tertiary Title</Field>
<Field id="14" order="160">Edition</Field>
<Field id="17" order="170">Date</Field>
<Field id="16" order="180">Type of Work</Field>
<Field id="13" order="190">Subsidiary Author</Field>
<Field id="32" order="200">Short Title</Field>
<Field id="29" order="210">Alternate Title</Field>
<Field id="24" order="220">ISBN/ISSN</Field>
<Field id="43" order="230">Electronic Resource Number</Field>
<Field id="36" order="240">Original Publication</Field>
<Field id="37" order="250">Reprint Edition</Field>
<Field id="38" order="260">Reviewed Item</Field>
<Field id="25" order="270">Custom 1</Field>
<Field id="26" order="280">Custom 2</Field>
<Field id="27" order="290">Custom 3</Field>
<Field id="28" order="300">Custom 4</Field>
<Field id="33" order="310">Custom 5</Field>
<Field id="34" order="320">Custom 6</Field>
<Field id="42" order="330">Custom 7</Field>
<Field id="30" order="340">Accession Number</Field>
<Field id="31" order="350">Call Number</Field>
<Field id="19" order="360">Label</Field>
<Field id="15" order="370">Keywords</Field>
<Field id="18" order="380">Abstract</Field>
<Field id="23" order="390">Notes</Field>
<Field id="49" order="400">Research Notes</Field>
<Field id="20" order="410">URL</Field>
<Field id="44" order="420">Link to PDF</Field>
<Field id="39" order="430">Author Address</Field>
<Field id="40" order="440">Image</Field>
<Field id="41" order="450">Caption</Field>
<Field id="51" order="460">Access Date</Field>
<Field id="52" order="470">Last Modified Date</Field>
<Field id="45" order="480">Translated Author</Field>
<Field id="46" order="490">Translated Title</Field>
<Field id="47" order="500">Name of Database</Field>
<Field id="48" order="510">Database Provider</Field>
<Field id="50" order="520">Language</Field>
</Fields>
</RefType>
<RefType id="13" name="Artwork" reforder="20"><Fields><Field id="2" order="20">Artist</Field>
<Field id="3" order="30">Year</Field>
<Field id="4" order="40">Title</Field>
<Field id="11" order="70">City</Field>
<Field id="12" order="80">Publisher</Field>
<Field id="5" order="120">Description</Field>
<Field id="17" order="170">Date</Field>
<Field id="16" order="180">Type of Work</Field>
<Field id="32" order="200">Short Title</Field>
<Field id="29" order="210">Alternate Title</Field>
<Field id="43" order="230">Electronic Resource Number</Field>
<Field id="30" order="340">Accession Number</Field>
<Field id="31" order="350">Call Number</Field>
<Field id="19" order="360">Label</Field>
<Field id="15" order="370">Keywords</Field>
<Field id="18" order="380">Abstract</Field>
<Field id="23" order="390">Notes</Field>
<Field id="49" order="400">Research Notes</Field>
<Field id="20" order="410">URL</Field>
<Field id="44" order="420">Link to PDF</Field>
<Field id="39" order="430">Author Address</Field>
<Field id="40" order="440">Image</Field>
<Field id="41" order="450">Caption</Field>
<Field id="51" order="460">Access Date</Field>
<Field id="52" order="470">Last Modified Date</Field>
<Field id="45" order="480">Translated Author</Field>
<Field id="46" order="490">Translated Title</Field>
<Field id="47" order="500">Name of Database</Field>
<Field id="48" order="510">Database Provider</Field>
<Field id="50" order="520">Language</Field>
</Fields>
</RefType>
<RefType id="12" name="Audiovisual Material" reforder="30"><Fields><Field id="2" order="20">Author</Field>
<Field id="3" order="30">Year</Field>
<Field id="4" order="40">Title</Field>
<Field id="10" order="50">Series Editor</Field>
<Field id="6" order="60">Series Title</Field>
<Field id="11" order="70">City</Field>
<Field id="12" order="80">Publisher</Field>
<Field id="9" order="100">Extent of Work</Field>
<Field id="8" order="110">Number</Field>
<Field id="14" order="160">Edition</Field>
<Field id="17" order="170">Date</Field>
<Field id="16" order="180">Type</Field>
<Field id="13" order="190">Performers</Field>
<Field id="32" order="200">Short Title</Field>
<Field id="29" order="210">Alternate Title</Field>
<Field id="24" order="220">ISBN</Field>
<Field id="43" order="230">Electronic Resource Number</Field>
<Field id="36" order="240">Contents</Field>
<Field id="25" order="270">Cast</Field>
<Field id="26" order="280">Credits</Field>
<Field id="33" order="310">Format</Field>
<Field id="30" order="340">Accession Number</Field>
<Field id="31" order="350">Call Number</Field>
<Field id="19" order="360">Label</Field>
<Field id="15" order="370">Keywords</Field>
<Field id="18" order="380">Abstract</Field>
<Field id="23" order="390">Notes</Field>
<Field id="49" order="400">Research Notes</Field>
<Field id="20" order="410">URL</Field>
<Field id="44" order="420">Link to PDF</Field>
<Field id="39" order="430">Author Address</Field>
<Field id="40" order="440">Image</Field>
<Field id="41" order="450">Caption</Field>
<Field id="51" order="460">Access Date</Field>
<Field id="52" order="470">Last Modified Date</Field>
<Field id="45" order="480">Translated Author</Field>
<Field id="46" order="490">Translated Title</Field>
<Field id="47" order="500">Name of Database</Field>
<Field id="48" order="510">Database Provider</Field>
<Field id="50" order="520">Language</Field>
</Fields>
</RefType>
<RefType id="17" name="Bill" reforder="40"><Fields><Field id="3" order="30">Year</Field>
<Field id="4" order="40">Title</Field>
<Field id="6" order="60">Code</Field>
<Field id="7" order="90">Code Volume</Field>
<Field id="8" order="110">Bill Number</Field>
<Field id="5" order="120">Code Pages</Field>
<Field id="35" order="130">Code Section</Field>
<Field id="21" order="150">Legislative Body</Field>
<Field id="14" order="160">Session</Field>
<Field id="17" order="170">Date</Field>
<Field id="13" order="190">Sponsor</Field>
<Field id="32" order="200">Short Title</Field>
<Field id="43" order="230">Electronic Resource Number</Field>
<Field id="36" order="240">History</Field>
<Field id="30" order="340">Accession Number</Field>
<Field id="31" order="350">Call Number</Field>
<Field id="19" order="360">Label</Field>
<Field id="15" order="370">Keywords</Field>
<Field id="18" order="380">Abstract</Field>
<Field id="23" order="390">Notes</Field>
<Field id="49" order="400">Research Notes</Field>
<Field id="20" order="410">URL</Field>
<Field id="44" order="420">Link to PDF</Field>
<Field id="39" order="430">Author Address</Field>
<Field id="40" order="440">Image</Field>
<Field id="41" order="450">Caption</Field>
<Field id="51" order="460">Access Date</Field>
<Field id="52" order="470">Last Modified Date</Field>
<Field id="45" order="480">Translated Author</Field>
<Field id="46" order="490">Translated Title</Field>
<Field id="47" order="500">Name of Database</Field>
<Field id="48" order="510">Database Provider</Field>
<Field id="50" order="520">Language</Field>
</Fields>
</RefType>
<RefType id="1" name="Book" reforder="50"><Fields><Field id="2" order="20">Author</Field>
<Field id="3" order="30">Year</Field>
<Field id="4" order="40">Title</Field>
<Field id="10" order="50">Series Editor</Field>
<Field id="6" order="60">Series Title</Field>
<Field id="11" order="70">City</Field>
<Field id="12" order="80">Publisher</Field>
<Field id="7" order="90">Volume</Field>
<Field id="9" order="100">Number of Volumes</Field>
<Field id="5" order="120">Number of Pages</Field>
<Field id="14" order="160">Edition</Field>
<Field id="13" order="190">Translator</Field>
<Field id="32" order="200">Short Title</Field>
<Field id="29" order="210">Alternate Title</Field>
<Field id="24" order="220">ISBN</Field>
<Field id="43" order="230">Electronic Resource Number</Field>
<Field id="36" order="240">Original Publication</Field>
<Field id="37" order="250">Reprint Edition</Field>
<Field id="30" order="340">Accession Number</Field>
<Field id="31" order="350">Call Number</Field>
<Field id="19" order="360">Label</Field>
<Field id="15" order="370">Keywords</Field>
<Field id="18" order="380">Abstract</Field>
<Field id="23" order="390">Notes</Field>
<Field id="49" order="400">Research Notes</Field>
<Field id="20" order="410">URL</Field>
<Field id="44" order="420">Link to PDF</Field>
<Field id="39" order="430">Author Address</Field>
<Field id="40" order="440">Image</Field>
<Field id="41" order="450">Caption</Field>
<Field id="51" order="460">Access Date</Field>
<Field id="52" order="470">Last Modified Date</Field>
<Field id="45" order="480">Translated Author</Field>
<Field id="46" order="490">Translated Title</Field>
<Field id="47" order="500">Name of Database</Field>
<Field id="48" order="510">Database Provider</Field>
<Field id="50" order="520">Language</Field>
</Fields>
</RefType>
<RefType id="7" name="Book Section" reforder="60"><Fields><Field id="2" order="20">Author</Field>
<Field id="3" order="30">Year</Field>
<Field id="4" order="40">Title</Field>
<Field id="10" order="50">Editor</Field>
<Field id="6" order="60">Book Title</Field>
<Field id="11" order="70">City</Field>
<Field id="12" order="80">Publisher</Field>
<Field id="7" order="90">Volume</Field>
<Field id="9" order="100">Number of Volumes</Field>
<Field id="5" order="120">Pages</Field>
<Field id="22" order="140">Series Editor</Field>
<Field id="21" order="150">Series Title</Field>
<Field id="14" order="160">Edition</Field>
<Field id="13" order="190">Translator</Field>
<Field id="32" order="200">Short Title</Field>
<Field id="29" order="210">Alternate Title</Field>
<Field id="24" order="220">ISBN</Field>
<Field id="43" order="230">Electronic Resource Number</Field>
<Field id="36" order="240">Original Publication</Field>
<Field id="37" order="250">Reprint Edition</Field>
<Field id="38" order="260">Reviewed Item</Field>
<Field id="30" order="340">Accession Number</Field>
<Field id="31" order="350">Call Number</Field>
<Field id="19" order="360">Label</Field>
<Field id="15" order="370">Keywords</Field>
<Field id="18" order="380">Abstract</Field>
<Field id="23" order="390">Notes</Field>
<Field id="49" order="400">Research Notes</Field>
<Field id="20" order="410">URL</Field>
<Field id="44" order="420">Link to PDF</Field>
<Field id="39" order="430">Author Address</Field>
<Field id="40" order="440">Image</Field>
<Field id="41" order="450">Caption</Field>
<Field id="51" order="460">Access Date</Field>
<Field id="52" order="470">Last Modified Date</Field>
<Field id="45" order="480">Translated Author</Field>
<Field id="46" order="490">Translated Title</Field>
<Field id="47" order="500">Name of Database</Field>
<Field id="48" order="510">Database Provider</Field>
<Field id="50" order="520">Language</Field>
</Fields>
</RefType>
<RefType id="18" name="Case" reforder="70"><Fields><Field id="3" order="30">Year</Field>
<Field id="4" order="40">Case Name</Field>
<Field id="6" order="60">Reporter</Field>
<Field id="12" order="80">Court</Field>
<Field id="7" order="90">Reporter Volume</Field>
<Field id="5" order="120">First Page</Field>
<Field id="17" order="170">Date Decided</Field>
<Field id="13" order="190">Counsel</Field>
<Field id="32" order="200">Abbreviated Case Name</Field>
<Field id="43" order="230">Electronic Resource Number</Field>
<Field id="36" order="240">History</Field>
<Field id="30" order="340">Accession Number</Field>
<Field id="31" order="350">Call Number</Field>
<Field id="19" order="360">Label</Field>
<Field id="15" order="370">Keywords</Field>
<Field id="18" order="380">Abstract</Field>
<Field id="23" order="390">Notes</Field>
<Field id="49" order="400">Research Notes</Field>
<Field id="20" order="410">URL</Field>
<Field id="44" order="420">Link to PDF</Field>
<Field id="39" order="430">Author Address</Field>
<Field id="40" order="440">Image</Field>
<Field id="41" order="450">Caption</Field>
<Field id="51" order="460">Access Date</Field>
<Field id="52" order="470">Last Modified Date</Field>
<Field id="45" order="480">Translated Author</Field>
<Field id="46" order="490">Translated Title</Field>
<Field id="47" order="500">Name of Database</Field>
<Field id="48" order="510">Database Provider</Field>
<Field id="50" order="520">Language</Field>
</Fields>
</RefType>
<RefType id="26" name="Chart or Table" reforder="80"><Fields><Field id="2" order="20">Created By</Field>
<Field id="3" order="30">Year</Field>
<Field id="4" order="40">Title</Field>
<Field id="10" order="50">Name of File</Field>
<Field id="6" order="60">Image Source Program</Field>
<Field id="11" order="70">City</Field>
<Field id="12" order="80">Publisher</Field>
<Field id="7" order="90">Image Size</Field>
<Field id="8" order="110">Number</Field>
<Field id="5" order="120">Description</Field>
<Field id="14" order="160">Version</Field>
<Field id="17" order="170">Date</Field>
<Field id="16" order="180">Type of Image</Field>
<Field id="43" order="230">Electronic Resource Number</Field>
<Field id="30" order="340">Accession Number</Field>
<Field id="31" order="350">Call Number</Field>
<Field id="19" order="360">Label</Field>
<Field id="15" order="370">Keywords</Field>
<Field id="18" order="380">Abstract</Field>
<Field id="23" order="390">Notes</Field>
<Field id="49" order="400">Research Notes</Field>
<Field id="20" order="410">URL</Field>
<Field id="44" order="420">Link to PDF</Field>
<Field id="39" order="430">Author Address</Field>
<Field id="40" order="440">Image</Field>
<Field id="41" order="450">Caption</Field>
<Field id="51" order="460">Access Date</Field>
<Field id="52" order="470">Last Modified Date</Field>
<Field id="45" order="480">Translated Author</Field>
<Field id="46" order="490">Translated Title</Field>
<Field id="47" order="500">Name of Database</Field>
<Field id="48" order="510">Database Provider</Field>
<Field id="50" order="520">Language</Field>
</Fields>
</RefType>
<RefType id="35" name="Classical Works" reforder="90"><Fields><Field id="2" order="20">Attribution</Field>
<Field id="3" order="30">Year</Field>
<Field id="4" order="40">Title</Field>
<Field id="10" order="50">Series Editor</Field>
<Field id="6" order="60">Series Title</Field>
<Field id="11" order="70">City</Field>
<Field id="12" order="80">Publisher</Field>
<Field id="7" order="90">Volume</Field>
<Field id="9" order="100">Number of Volumes</Field>
<Field id="5" order="120">Number of Pages</Field>
<Field id="14" order="160">Edition</Field>
<Field id="16" order="180">Type</Field>
<Field id="13" order="190">Translator</Field>
<Field id="32" order="200">Short Title</Field>
<Field id="29" order="210">Alternate Title</Field>
<Field id="24" order="220">ISSN/ISBN</Field>
<Field id="43" order="230">Electronic Resource Number</Field>
<Field id="36" order="240">Original Publication</Field>
<Field id="37" order="250">Reprint Edition</Field>
<Field id="30" order="340">Accession Number</Field>
<Field id="31" order="350">Call Number</Field>
<Field id="19" order="360">Label</Field>
<Field id="15" order="370">Keywords</Field>
<Field id="18" order="380">Abstract</Field>
<Field id="23" order="390">Notes</Field>
<Field id="49" order="400">Research Notes</Field>
<Field id="20" order="410">URL</Field>
<Field id="44" order="420">Link to PDF</Field>
<Field id="39" order="430">Author Address</Field>
<Field id="40" order="440">Image</Field>
<Field id="41" order="450">Caption</Field>
<Field id="51" order="460">Access Date</Field>
<Field id="52" order="470">Last Modified Date</Field>
<Field id="45" order="480">Translated Author</Field>
<Field id="46" order="490">Translated Title</Field>
<Field id="47" order="500">Name of Database</Field>
<Field id="48" order="510">Database Provider</Field>
<Field id="50" order="520">Language</Field>
</Fields>
</RefType>
<RefType id="6" name="Computer Program" reforder="100"><Fields><Field id="2" order="20">Programmer</Field>
<Field id="3" order="30">Year</Field>
<Field id="4" order="40">Title</Field>
<Field id="10" order="50">Series Editor</Field>
<Field id="6" order="60">Series Title</Field>
<Field id="11" order="70">City</Field>
<Field id="12" order="80">Publisher</Field>
<Field id="5" order="120">Description</Field>
<Field id="14" order="160">Version</Field>
<Field id="16" order="180">Type</Field>
<Field id="32" order="200">Short Title</Field>
<Field id="29" order="210">Alternate Title</Field>
<Field id="24" order="220">ISBN</Field>
<Field id="43" order="230">Electronic Resource Number</Field>
<Field id="36" order="240">Contents</Field>
<Field id="25" order="270">Computer</Field>
<Field id="30" order="340">Accession Number</Field>
<Field id="31" order="350">Call Number</Field>
<Field id="19" order="360">Label</Field>
<Field id="15" order="370">Keywords</Field>
<Field id="18" order="380">Abstract</Field>
<Field id="23" order="390">Notes</Field>
<Field id="49" order="400">Research Notes</Field>
<Field id="20" order="410">URL</Field>
<Field id="44" order="420">Link to PDF</Field>
<Field id="39" order="430">Author Address</Field>
<Field id="40" order="440">Image</Field>
<Field id="41" order="450">Caption</Field>
<Field id="51" order="460">Access Date</Field>
<Field id="52" order="470">Last Modified Date</Field>
<Field id="45" order="480">Translated Author</Field>
<Field id="46" order="490">Translated Title</Field>
<Field id="47" order="500">Name of Database</Field>
<Field id="48" order="510">Database Provider</Field>
<Field id="50" order="520">Language</Field>
</Fields>
</RefType>
<RefType id="33" name="Conference Paper" reforder="110"><Fields><Field id="2" order="20">Author</Field>
<Field id="3" order="30">Year</Field>
<Field id="4" order="40">Title</Field>
<Field id="6" order="60">Conference Name</Field>
<Field id="11" order="70">Conference Location</Field>
<Field id="12" order="80">Publisher</Field>
<Field id="17" order="170">Date</Field>
<Field id="43" order="230">Electronic Resource Number</Field>
<Field id="30" order="340">Accession Number</Field>
<Field id="19" order="360">Label</Field>
<Field id="15" order="370">Keywords</Field>
<Field id="18" order="380">Abstract</Field>
<Field id="23" order="390">Notes</Field>
<Field id="49" order="400">Research Notes</Field>
<Field id="20" order="410">URL</Field>
<Field id="44" order="420">Link to PDF</Field>
<Field id="39" order="430">Author Address</Field>
<Field id="40" order="440">Image</Field>
<Field id="41" order="450">Caption</Field>
<Field id="51" order="460">Access Date</Field>
<Field id="52" order="470">Last Modified Date</Field>
<Field id="45" order="480">Translated Author</Field>
<Field id="46" order="490">Translated Title</Field>
<Field id="47" order="500">Name of Database</Field>
<Field id="48" order="510">Database Provider</Field>
<Field id="50" order="520">Language</Field>
</Fields>
</RefType>
<RefType id="3" name="Conference Proceedings" reforder="120"><Fields><Field id="2" order="20">Author</Field>
<Field id="3" order="30">Year of Conference</Field>
<Field id="4" order="40">Title</Field>
<Field id="10" order="50">Editor</Field>
<Field id="6" order="60">Conference Name</Field>
<Field id="11" order="70">Conference Location</Field>
<Field id="12" order="80">Publisher</Field>
<Field id="7" order="90">Volume</Field>
<Field id="9" order="100">Number of Volumes</Field>
<Field id="5" order="120">Pages</Field>
<Field id="22" order="140">Series Editor</Field>
<Field id="21" order="150">Series Title</Field>
<Field id="14" order="160">Edition</Field>
<Field id="17" order="170">Date</Field>
<Field id="13" order="190">Sponsor</Field>
<Field id="32" order="200">Short Title</Field>
<Field id="24" order="220">ISBN</Field>
<Field id="43" order="230">Electronic Resource Number</Field>
<Field id="30" order="340">Accession Number</Field>
<Field id="31" order="350">Call Number</Field>
<Field id="19" order="360">Label</Field>
<Field id="15" order="370">Keywords</Field>
<Field id="18" order="380">Abstract</Field>
<Field id="23" order="390">Notes</Field>
<Field id="49" order="400">Research Notes</Field>
<Field id="20" order="410">URL</Field>
<Field id="44" order="420">Link to PDF</Field>
<Field id="39" order="430">Author Address</Field>
<Field id="40" order="440">Image</Field>
<Field id="41" order="450">Caption</Field>
<Field id="51" order="460">Access Date</Field>
<Field id="52" order="470">Last Modified Date</Field>
<Field id="45" order="480">Translated Author</Field>
<Field id="46" order="490">Translated Title</Field>
<Field id="47" order="500">Name of Database</Field>
<Field id="48" order="510">Database Provider</Field>
<Field id="50" order="520">Language</Field>
</Fields>
</RefType>
<RefType id="9" name="Edited Book" reforder="130"><Fields><Field id="2" order="20">Editor</Field>
<Field id="3" order="30">Year</Field>
<Field id="4" order="40">Title</Field>
<Field id="10" order="50">Series Editor</Field>
<Field id="6" order="60">Series Title</Field>
<Field id="11" order="70">City</Field>
<Field id="12" order="80">Publisher</Field>
<Field id="7" order="90">Volume</Field>
<Field id="9" order="100">Number of Volumes</Field>
<Field id="5" order="120">Number of Pages</Field>
<Field id="14" order="160">Edition</Field>
<Field id="13" order="190">Translator</Field>
<Field id="32" order="200">Short Title</Field>
<Field id="29" order="210">Alternate Title</Field>
<Field id="24" order="220">ISBN</Field>
<Field id="43" order="230">Electronic Resource Number</Field>
<Field id="36" order="240">Original Publication</Field>
<Field id="37" order="250">Reprint Edition</Field>
<Field id="30" order="340">Accession Number</Field>
<Field id="31" order="350">Call Number</Field>
<Field id="19" order="360">Label</Field>
<Field id="15" order="370">Keywords</Field>
<Field id="18" order="380">Abstract</Field>
<Field id="23" order="390">Notes</Field>
<Field id="49" order="400">Research Notes</Field>
<Field id="20" order="410">URL</Field>
<Field id="44" order="420">Link to PDF</Field>
<Field id="39" order="430">Author Address</Field>
<Field id="40" order="440">Image</Field>
<Field id="41" order="450">Caption</Field>
<Field id="51" order="460">Access Date</Field>
<Field id="52" order="470">Last Modified Date</Field>
<Field id="45" order="480">Translated Author</Field>
<Field id="46" order="490">Translated Title</Field>
<Field id="47" order="500">Name of Database</Field>
<Field id="48" order="510">Database Provider</Field>
<Field id="50" order="520">Language</Field>
</Fields>
</RefType>
<RefType id="29" name="Electronic Book" reforder="140"><Fields><Field id="2" order="20">Author</Field>
<Field id="3" order="30">Year</Field>
<Field id="4" order="40">Title</Field>
<Field id="10" order="50">Editor</Field>
<Field id="6" order="60">Secondary Title</Field>
<Field id="12" order="80">Publisher</Field>
<Field id="7" order="90">Volume</Field>
<Field id="17" order="170">Date Accessed</Field>
<Field id="16" order="180">Type of Medium</Field>
<Field id="24" order="220">ISBN</Field>
<Field id="43" order="230">Electronic Resource Number</Field>
<Field id="30" order="340">Accession Number</Field>
<Field id="19" order="360">Label</Field>
<Field id="15" order="370">Keywords</Field>
<Field id="18" order="380">Abstract</Field>
<Field id="23" order="390">Notes</Field>
<Field id="49" order="400">Research Notes</Field>
<Field id="20" order="410">URL</Field>
<Field id="44" order="420">Link to PDF</Field>
<Field id="39" order="430">Author Address</Field>
<Field id="40" order="440">Image</Field>
<Field id="41" order="450">Caption</Field>
<Field id="52" order="470">Last Modified Date</Field>
<Field id="45" order="480">Translated Author</Field>
<Field id="46" order="490">Translated Title</Field>
<Field id="47" order="500">Name of Database</Field>
<Field id="48" order="510">Database Provider</Field>
<Field id="50" order="520">Language</Field>
</Fields>
</RefType>
<RefType id="28" name="Electronic Article" reforder="150"><Fields><Field id="2" order="20">Author</Field>
<Field id="3" order="30">Year</Field>
<Field id="4" order="40">Title</Field>
<Field id="6" order="60">Periodical Title</Field>
<Field id="7" order="90">Volume</Field>
<Field id="8" order="110">Issue</Field>
<Field id="5" order="120">Pages</Field>
<Field id="17" order="170">Date Accessed</Field>
<Field id="29" order="210">Alternate Title</Field>
<Field id="24" order="220">ISSN</Field>
<Field id="43" order="230">Electronic Resource Number</Field>
<Field id="30" order="340">Accession Number</Field>
<Field id="19" order="360">Label</Field>
<Field id="15" order="370">Keywords</Field>
<Field id="18" order="380">Abstract</Field>
<Field id="23" order="390">Notes</Field>
<Field id="49" order="400">Research Notes</Field>
<Field id="20" order="410">URL</Field>
<Field id="44" order="420">Link to PDF</Field>
<Field id="39" order="430">Author Address</Field>
<Field id="40" order="440">Image</Field>
<Field id="41" order="450">Caption</Field>
<Field id="52" order="470">Last Modified Date</Field>
<Field id="45" order="480">Translated Author</Field>
<Field id="46" order="490">Translated Title</Field>
<Field id="47" order="500">Name of Database</Field>
<Field id="48" order="510">Database Provider</Field>
<Field id="50" order="520">Language</Field>
</Fields>
</RefType>
<RefType id="16" name="Electronic Source" reforder="160"><Fields><Field id="2" order="20">Author</Field>
<Field id="3" order="30">Year</Field>
<Field id="4" order="40">Title</Field>
<Field id="10" order="50">Series Editor</Field>
<Field id="6" order="60">Series Title</Field>
<Field id="11" order="70">City</Field>
<Field id="12" order="80">Publisher</Field>
<Field id="7" order="90">Access Year</Field>
<Field id="8" order="110">Access Date</Field>
<Field id="5" order="120">Description</Field>
<Field id="14" order="160">Edition</Field>
<Field id="17" order="170">Last Update Date</Field>
<Field id="16" order="180">Type of Medium</Field>
<Field id="32" order="200">Short Title</Field>
<Field id="29" order="210">Alternate Title</Field>
<Field id="24" order="220">ISBN</Field>
<Field id="43" order="230">Electronic Resource Number</Field>
<Field id="36" order="240">Contents</Field>
<Field id="30" order="340">Accession Number</Field>
<Field id="31" order="350">Call Number</Field>
<Field id="19" order="360">Label</Field>
<Field id="15" order="370">Keywords</Field>
<Field id="18" order="380">Abstract</Field>
<Field id="23" order="390">Notes</Field>
<Field id="49" order="400">Research Notes</Field>
<Field id="20" order="410">URL</Field>
<Field id="44" order="420">Link to PDF</Field>
<Field id="39" order="430">Author Address</Field>
<Field id="40" order="440">Image</Field>
<Field id="41" order="450">Caption</Field>
<Field id="52" order="470">Last Modified Date</Field>
<Field id="45" order="480">Translated Author</Field>
<Field id="46" order="490">Translated Title</Field>
<Field id="47" order="500">Name of Database</Field>
<Field id="48" order="510">Database Provider</Field>
<Field id="50" order="520">Language</Field>
</Fields>
</RefType>
<RefType id="27" name="Equation" reforder="170"><Fields><Field id="2" order="20">Created By</Field>
<Field id="3" order="30">Year</Field>
<Field id="4" order="40">Title</Field>
<Field id="10" order="50">Name of File</Field>
<Field id="6" order="60">Image Source Program</Field>
<Field id="11" order="70">City</Field>
<Field id="12" order="80">Publisher</Field>
<Field id="7" order="90">Image Size</Field>
<Field id="8" order="110">Number</Field>
<Field id="5" order="120">Description</Field>
<Field id="14" order="160">Version</Field>
<Field id="17" order="170">Date</Field>
<Field id="16" order="180">Type of Image</Field>
<Field id="43" order="230">Electronic Resource Number</Field>
<Field id="30" order="340">Accession Number</Field>
<Field id="31" order="350">Call Number</Field>
<Field id="19" order="360">Label</Field>
<Field id="15" order="370">Keywords</Field>
<Field id="18" order="380">Abstract</Field>
<Field id="23" order="390">Notes</Field>
<Field id="49" order="400">Research Notes</Field>
<Field id="20" order="410">URL</Field>
<Field id="44" order="420">Link to PDF</Field>
<Field id="39" order="430">Author Address</Field>
<Field id="40" order="440">Image</Field>
<Field id="41" order="450">Caption</Field>
<Field id="51" order="460">Access Date</Field>
<Field id="52" order="470">Last Modified Date</Field>
<Field id="45" order="480">Translated Author</Field>
<Field id="46" order="490">Translated Title</Field>
<Field id="47" order="500">Name of Database</Field>
<Field id="48" order="510">Database Provider</Field>
<Field id="50" order="520">Language</Field>
</Fields>
</RefType>
<RefType id="25" name="Figure" reforder="180"><Fields><Field id="2" order="20">Created By</Field>
<Field id="3" order="30">Year</Field>
<Field id="4" order="40">Title</Field>
<Field id="10" order="50">Name of File</Field>
<Field id="6" order="60">Image Source Program</Field>
<Field id="11" order="70">City</Field>
<Field id="12" order="80">Publisher</Field>
<Field id="7" order="90">Image Size</Field>
<Field id="8" order="110">Number</Field>
<Field id="5" order="120">Description</Field>
<Field id="14" order="160">Version</Field>
<Field id="17" order="170">Date</Field>
<Field id="16" order="180">Type of Image</Field>
<Field id="43" order="230">Electronic Resource Number</Field>
<Field id="30" order="340">Accession Number</Field>
<Field id="31" order="350">Call Number</Field>
<Field id="19" order="360">Label</Field>
<Field id="15" order="370">Keywords</Field>
<Field id="18" order="380">Abstract</Field>
<Field id="23" order="390">Notes</Field>
<Field id="49" order="400">Research Notes</Field>
<Field id="20" order="410">URL</Field>
<Field id="44" order="420">Link to PDF</Field>
<Field id="39" order="430">Author Address</Field>
<Field id="40" order="440">Image</Field>
<Field id="41" order="450">Caption</Field>
<Field id="51" order="460">Access Date</Field>
<Field id="52" order="470">Last Modified Date</Field>
<Field id="45" order="480">Translated Author</Field>
<Field id="46" order="490">Translated Title</Field>
<Field id="47" order="500">Name of Database</Field>
<Field id="48" order="510">Database Provider</Field>
<Field id="50" order="520">Language</Field>
</Fields>
</RefType>
<RefType id="21" name="Film or Broadcast" reforder="190"><Fields><Field id="2" order="20">Director</Field>
<Field id="3" order="30">Year Released</Field>
<Field id="4" order="40">Title</Field>
<Field id="10" order="50">Series Director</Field>
<Field id="6" order="60">Series Title</Field>
<Field id="11" order="70">Country</Field>
<Field id="12" order="80">Distributor</Field>
<Field id="5" order="120">Running Time</Field>
<Field id="22" order="140">Producer</Field>
<Field id="14" order="160">Edition</Field>
<Field id="17" order="170">Date Released</Field>
<Field id="16" order="180">Medium</Field>
<Field id="13" order="190">Performers</Field>
<Field id="32" order="200">Short Title</Field>
<Field id="29" order="210">Alternate Title</Field>
<Field id="43" order="230">Electronic Resource Number</Field>
<Field id="25" order="270">Cast</Field>
<Field id="26" order="280">Credits</Field>
<Field id="28" order="300">Genre</Field>
<Field id="33" order="310">Format</Field>
<Field id="30" order="340">Accession Number</Field>
<Field id="31" order="350">Call Number</Field>
<Field id="19" order="360">Label</Field>
<Field id="15" order="370">Keywords</Field>
<Field id="18" order="380">Synopsis</Field>
<Field id="23" order="390">Notes</Field>
<Field id="49" order="400">Research Notes</Field>
<Field id="20" order="410">URL</Field>
<Field id="44" order="420">Link to PDF</Field>
<Field id="39" order="430">Author Address</Field>
<Field id="40" order="440">Image</Field>
<Field id="41" order="450">Caption</Field>
<Field id="51" order="460">Access Date</Field>
<Field id="52" order="470">Last Modified Date</Field>
<Field id="45" order="480">Translated Author</Field>
<Field id="46" order="490">Translated Title</Field>
<Field id="47" order="500">Name of Database</Field>
<Field id="48" order="510">Database Provider</Field>
<Field id="50" order="520">Language</Field>
</Fields>
</RefType>
<RefType id="32" name="Government Document" reforder="200"><Fields><Field id="2" order="20">Author</Field>
<Field id="3" order="30">Year</Field>
<Field id="4" order="40">Title</Field>
<Field id="10" order="50">Department</Field>
<Field id="12" order="80">Publisher</Field>
<Field id="7" order="90">Volume</Field>
<Field id="8" order="110">Issue</Field>
<Field id="5" order="120">Pages</Field>
<Field id="35" order="130">Section</Field>
<Field id="14" order="160">Edition</Field>
<Field id="24" order="220">Report Number</Field>
<Field id="43" order="230">Electronic Resource Number</Field>
<Field id="30" order="340">Accession Number</Field>
<Field id="19" order="360">Label</Field>
<Field id="15" order="370">Keywords</Field>
<Field id="18" order="380">Abstract</Field>
<Field id="23" order="390">Notes</Field>
<Field id="49" order="400">Research Notes</Field>
<Field id="20" order="410">URL</Field>
<Field id="44" order="420">Link to PDF</Field>
<Field id="39" order="430">Author Address</Field>
<Field id="40" order="440">Image</Field>
<Field id="41" order="450">Caption</Field>
<Field id="51" order="460">Access Date</Field>
<Field id="52" order="470">Last Modified Date</Field>
<Field id="45" order="480">Translated Author</Field>
<Field id="46" order="490">Translated Title</Field>
<Field id="47" order="500">Name of Database</Field>
<Field id="48" order="510">Database Provider</Field>
<Field id="50" order="520">Language</Field>
</Fields>
</RefType>
<RefType id="19" name="Hearing" reforder="210"><Fields><Field id="3" order="30">Year</Field>
<Field id="4" order="40">Title</Field>
<Field id="6" order="60">Committee</Field>
<Field id="11" order="70">City</Field>
<Field id="12" order="80">Publisher</Field>
<Field id="9" order="100">Number of Volumes</Field>
<Field id="8" order="110">Document Number</Field>
<Field id="5" order="120">Pages</Field>
<Field id="21" order="150">Legislative Body</Field>
<Field id="14" order="160">Session</Field>
<Field id="17" order="170">Date</Field>
<Field id="32" order="200">Short Title</Field>
<Field id="43" order="230">Electronic Resource Number</Field>
<Field id="36" order="240">History</Field>
<Field id="30" order="340">Accession Number</Field>
<Field id="31" order="350">Call Number</Field>
<Field id="19" order="360">Label</Field>
<Field id="15" order="370">Keywords</Field>
<Field id="18" order="380">Abstract</Field>
<Field id="23" order="390">Notes</Field>
<Field id="49" order="400">Research Notes</Field>
<Field id="20" order="410">URL</Field>
<Field id="44" order="420">Link to PDF</Field>
<Field id="39" order="430">Author Address</Field>
<Field id="40" order="440">Image</Field>
<Field id="41" order="450">Caption</Field>
<Field id="51" order="460">Access Date</Field>
<Field id="52" order="470">Last Modified Date</Field>
<Field id="45" order="480">Translated Author</Field>
<Field id="46" order="490">Translated Title</Field>
<Field id="47" order="500">Name of Database</Field>
<Field id="48" order="510">Database Provider</Field>
<Field id="50" order="520">Language</Field>
</Fields>
</RefType>
<RefType id="0" name="Journal Article" reforder="220"><Fields><Field id="2" order="20">Author</Field>
<Field id="3" order="30">Year</Field>
<Field id="4" order="40">Title</Field>
<Field id="6" order="60">Journal</Field>
<Field id="7" order="90">Volume</Field>
<Field id="8" order="110">Issue</Field>
<Field id="5" order="120">Pages</Field>
<Field id="17" order="170">Date</Field>
<Field id="16" order="180">Type of Article</Field>
<Field id="32" order="200">Short Title</Field>
<Field id="29" order="210">Alternate Journal</Field>
<Field id="24" order="220">ISSN</Field>
<Field id="43" order="230">Electronic Resource Number</Field>
<Field id="36" order="240">Original Publication</Field>
<Field id="37" order="250">Reprint Edition</Field>
<Field id="38" order="260">Reviewed Item</Field>
<Field id="30" order="340">Accession Number</Field>
<Field id="31" order="350">Call Number</Field>
<Field id="19" order="360">Label</Field>
<Field id="15" order="370">Keywords</Field>
<Field id="18" order="380">Abstract</Field>
<Field id="23" order="390">Notes</Field>
<Field id="49" order="400">Research Notes</Field>
<Field id="20" order="410">URL</Field>
<Field id="44" order="420">Link to PDF</Field>
<Field id="39" order="430">Author Address</Field>
<Field id="40" order="440">Image</Field>
<Field id="41" order="450">Caption</Field>
<Field id="51" order="460">Access Date</Field>
<Field id="52" order="470">Last Modified Date</Field>
<Field id="45" order="480">Translated Author</Field>
<Field id="46" order="490">Translated Title</Field>
<Field id="47" order="500">Name of Database</Field>
<Field id="48" order="510">Database Provider</Field>
<Field id="50" order="520">Language</Field>
</Fields>
</RefType>
<RefType id="36" name="Legal Rule/Regulation" reforder="230"><Fields><Field id="2" order="20">Author</Field>
<Field id="3" order="30">Year</Field>
<Field id="4" order="40">Title</Field>
<Field id="12" order="80">Publisher</Field>
<Field id="7" order="90">Rule Number</Field>
<Field id="5" order="120">Pages</Field>
<Field id="35" order="130">Section Number</Field>
<Field id="14" order="160">Edition</Field>
<Field id="17" order="170">Date of Code Edition</Field>
<Field id="16" order="180">Type of Work</Field>
<Field id="43" order="230">Electronic Resource Number</Field>
<Field id="30" order="340">Accession Number</Field>
<Field id="31" order="350">Call Number</Field>
<Field id="19" order="360">Label</Field>
<Field id="15" order="370">Keywords</Field>
<Field id="18" order="380">Abstract</Field>
<Field id="23" order="390">Notes</Field>
<Field id="49" order="400">Research Notes</Field>
<Field id="20" order="410">URL</Field>
<Field id="44" order="420">Link to PDF</Field>
<Field id="39" order="430">Author Address</Field>
<Field id="40" order="440">Image</Field>
<Field id="41" order="450">Caption</Field>
<Field id="51" order="460">Access Date</Field>
<Field id="52" order="470">Last Modified Date</Field>
<Field id="45" order="480">Translated Author</Field>
<Field id="46" order="490">Translated Title</Field>
<Field id="47" order="500">Name of Database</Field>
<Field id="48" order="510">Database Provider</Field>
<Field id="50" order="520">Language</Field>
</Fields>
</RefType>
<RefType id="8" name="Magazine Article" reforder="240"><Fields><Field id="2" order="20">Author</Field>
<Field id="3" order="30">Year</Field>
<Field id="4" order="40">Title</Field>
<Field id="6" order="60">Magazine</Field>
<Field id="7" order="90">Volume</Field>
<Field id="8" order="110">Issue Number</Field>
<Field id="5" order="120">Pages</Field>
<Field id="14" order="160">Edition</Field>
<Field id="17" order="170">Date</Field>
<Field id="16" order="180">Type of Article</Field>
<Field id="32" order="200">Short Title</Field>
<Field id="29" order="210">Alternate Magazine</Field>
<Field id="24" order="220">ISSN</Field>
<Field id="43" order="230">Electronic Resource Number</Field>
<Field id="36" order="240">Original Publication</Field>
<Field id="37" order="250">Reprint Edition</Field>
<Field id="38" order="260">Reviewed Item</Field>
<Field id="30" order="340">Accession Number</Field>
<Field id="31" order="350">Call Number</Field>
<Field id="19" order="360">Label</Field>
<Field id="15" order="370">Keywords</Field>
<Field id="18" order="380">Abstract</Field>
<Field id="23" order="390">Notes</Field>
<Field id="49" order="400">Research Notes</Field>
<Field id="20" order="410">URL</Field>
<Field id="44" order="420">Link to PDF</Field>
<Field id="39" order="430">Author Address</Field>
<Field id="40" order="440">Image</Field>
<Field id="41" order="450">Caption</Field>
<Field id="51" order="460">Access Date</Field>
<Field id="52" order="470">Last Modified Date</Field>
<Field id="45" order="480">Translated Author</Field>
<Field id="46" order="490">Translated Title</Field>
<Field id="47" order="500">Name of Database</Field>
<Field id="48" order="510">Database Provider</Field>
<Field id="50" order="520">Language</Field>
</Fields>
</RefType>
<RefType id="20" name="Manuscript" reforder="250"><Fields><Field id="2" order="20">Author</Field>
<Field id="3" order="30">Year</Field>
<Field id="4" order="40">Title</Field>
<Field id="6" order="60">Collection Title</Field>
<Field id="11" order="70">City</Field>
<Field id="8" order="110">Number</Field>
<Field id="5" order="120">Pages</Field>
<Field id="17" order="170">Date</Field>
<Field id="16" order="180">Type of Work</Field>
<Field id="32" order="200">Short Title</Field>
<Field id="29" order="210">Alternate Title</Field>
<Field id="43" order="230">Electronic Resource Number</Field>
<Field id="30" order="340">Accession Number</Field>
<Field id="31" order="350">Call Number</Field>
<Field id="19" order="360">Label</Field>
<Field id="15" order="370">Keywords</Field>
<Field id="18" order="380">Abstract</Field>
<Field id="23" order="390">Notes</Field>
<Field id="49" order="400">Research Notes</Field>
<Field id="20" order="410">URL</Field>
<Field id="44" order="420">Link to PDF</Field>
<Field id="39" order="430">Author Address</Field>
<Field id="40" order="440">Image</Field>
<Field id="41" order="450">Caption</Field>
<Field id="51" order="460">Access Date</Field>
<Field id="52" order="470">Last Modified Date</Field>
<Field id="45" order="480">Translated Author</Field>
<Field id="46" order="490">Translated Title</Field>
<Field id="47" order="500">Name of Database</Field>
<Field id="48" order="510">Database Provider</Field>
<Field id="50" order="520">Language</Field>
</Fields>
</RefType>
<RefType id="11" name="Map" reforder="260"><Fields><Field id="2" order="20">Cartographer</Field>
<Field id="3" order="30">Year</Field>
<Field id="4" order="40">Title</Field>
<Field id="10" order="50">Series Editor</Field>
<Field id="6" order="60">Series Title</Field>
<Field id="11" order="70">City</Field>
<Field id="12" order="80">Publisher</Field>
<Field id="5" order="120">Description</Field>
<Field id="14" order="160">Edition</Field>
<Field id="17" order="170">Date</Field>
<Field id="16" order="180">Type</Field>
<Field id="32" order="200">Short Title</Field>
<Field id="29" order="210">Alternate Title</Field>
<Field id="24" order="220">ISBN</Field>
<Field id="43" order="230">Electronic Resource Number</Field>
<Field id="25" order="270">Scale</Field>
<Field id="30" order="340">Accession Number</Field>
<Field id="31" order="350">Call Number</Field>
<Field id="19" order="360">Label</Field>
<Field id="15" order="370">Keywords</Field>
<Field id="18" order="380">Abstract</Field>
<Field id="23" order="390">Notes</Field>
<Field id="49" order="400">Research Notes</Field>
<Field id="20" order="410">URL</Field>
<Field id="44" order="420">Link to PDF</Field>
<Field id="39" order="430">Author Address</Field>
<Field id="40" order="440">Image</Field>
<Field id="41" order="450">Caption</Field>
<Field id="51" order="460">Access Date</Field>
<Field id="52" order="470">Last Modified Date</Field>
<Field id="45" order="480">Translated Author</Field>
<Field id="46" order="490">Translated Title</Field>
<Field id="47" order="500">Name of Database</Field>
<Field id="48" order="510">Database Provider</Field>
<Field id="50" order="520">Language</Field>
</Fields>
</RefType>
<RefType id="5" name="Newspaper Article" reforder="270"><Fields><Field id="2" order="20">Reporter</Field>
<Field id="3" order="30">Year</Field>
<Field id="4" order="40">Title</Field>
<Field id="6" order="60">Newspaper</Field>
<Field id="11" order="70">City</Field>
<Field id="7" order="90">Volume</Field>
<Field id="5" order="120">Pages</Field>
<Field id="35" order="130">Section</Field>
<Field id="14" order="160">Edition</Field>
<Field id="17" order="170">Issue Date</Field>
<Field id="16" order="180">Type of Article</Field>
<Field id="32" order="200">Short Title</Field>
<Field id="24" order="220">ISSN</Field>
<Field id="43" order="230">Electronic Resource Number</Field>
<Field id="36" order="240">Original Publication</Field>
<Field id="37" order="250">Reprint Edition</Field>
<Field id="38" order="260">Reviewed Item</Field>
<Field id="30" order="340">Accession Number</Field>
<Field id="31" order="350">Call Number</Field>
<Field id="19" order="360">Label</Field>
<Field id="15" order="370">Keywords</Field>
<Field id="18" order="380">Abstract</Field>
<Field id="23" order="390">Notes</Field>
<Field id="49" order="400">Research Notes</Field>
<Field id="20" order="410">URL</Field>
<Field id="44" order="420">Link to PDF</Field>
<Field id="39" order="430">Author Address</Field>
<Field id="40" order="440">Image</Field>
<Field id="41" order="450">Caption</Field>
<Field id="51" order="460">Access Date</Field>
<Field id="52" order="470">Last Modified Date</Field>
<Field id="45" order="480">Translated Author</Field>
<Field id="46" order="490">Translated Title</Field>
<Field id="47" order="500">Name of Database</Field>
<Field id="48" order="510">Database Provider</Field>
<Field id="50" order="520">Language</Field>
</Fields>
</RefType>
<RefType id="30" name="Online Database" reforder="280"><Fields><Field id="2" order="20">Author</Field>
<Field id="3" order="30">Year</Field>
<Field id="4" order="40">Title</Field>
<Field id="12" order="80">Publisher</Field>
<Field id="17" order="170">Date Accessed</Field>
<Field id="43" order="230">Electronic Resource Number</Field>
<Field id="30" order="340">Accession Number</Field>
<Field id="19" order="360">Label</Field>
<Field id="15" order="370">Keywords</Field>
<Field id="18" order="380">Abstract</Field>
<Field id="23" order="390">Notes</Field>
<Field id="49" order="400">Research Notes</Field>
<Field id="20" order="410">URL</Field>
<Field id="44" order="420">Link to PDF</Field>
<Field id="39" order="430">Author Address</Field>
<Field id="40" order="440">Image</Field>
<Field id="41" order="450">Caption</Field>
<Field id="52" order="470">Last Modified Date</Field>
<Field id="45" order="480">Translated Author</Field>
<Field id="46" order="490">Translated Title</Field>
<Field id="47" order="500">Name of Database</Field>
<Field id="48" order="510">Database Provider</Field>
<Field id="50" order="520">Language</Field>
</Fields>
</RefType>
<RefType id="34" name="Online Multimedia" reforder="290"><Fields><Field id="2" order="20">Created By</Field>
<Field id="3" order="30">Year</Field>
<Field id="4" order="40">Title</Field>
<Field id="10" order="50">Series Editor</Field>
<Field id="6" order="60">Series Title</Field>
<Field id="12" order="80">Distributor</Field>
<Field id="17" order="170">Date Accessed</Field>
<Field id="16" order="180">Type of Work</Field>
<Field id="43" order="230">Electronic Resource Number</Field>
<Field id="33" order="310">Format/Length</Field>
<Field id="30" order="340">Accession Number</Field>
<Field id="19" order="360">Label</Field>
<Field id="15" order="370">Keywords</Field>
<Field id="18" order="380">Abstract</Field>
<Field id="23" order="390">Notes</Field>
<Field id="49" order="400">Research Notes</Field>
<Field id="20" order="410">URL</Field>
<Field id="44" order="420">Link to PDF</Field>
<Field id="39" order="430">Author Address</Field>
<Field id="40" order="440">Image</Field>
<Field id="41" order="450">Caption</Field>
<Field id="52" order="470">Last Modified Date</Field>
<Field id="45" order="480">Translated Author</Field>
<Field id="46" order="490">Translated Title</Field>
<Field id="47" order="500">Name of Database</Field>
<Field id="48" order="510">Database Provider</Field>
<Field id="50" order="520">Language</Field>
</Fields>
</RefType>
<RefType id="15" name="Patent" reforder="300"><Fields><Field id="2" order="20">Inventor</Field>
<Field id="3" order="30">Year</Field>
<Field id="4" order="40">Title</Field>
<Field id="10" order="50">Issuing Organization</Field>
<Field id="6" order="60">Published Source</Field>
<Field id="11" order="70">Country</Field>
<Field id="12" order="80">Assignee</Field>
<Field id="7" order="90">Patent Version Number</Field>
<Field id="8" order="110">Application Number</Field>
<Field id="5" order="120">Pages</Field>
<Field id="35" order="130">International Patent Number</Field>
<Field id="22" order="140">International Title</Field>
<Field id="21" order="150">International Author</Field>
<Field id="14" order="160">International Patent Classification</Field>
<Field id="17" order="170">Date</Field>
<Field id="16" order="180">Patent Type</Field>
<Field id="32" order="200">Short Title</Field>
<Field id="24" order="220">Patent Number</Field>
<Field id="43" order="230">Electronic Resource Number</Field>
<Field id="36" order="240">Priority Numbers</Field>
<Field id="26" order="280">Issue Date</Field>
<Field id="27" order="290">Designated States</Field>
<Field id="28" order="300">Attorney/Agent</Field>
<Field id="33" order="310">References</Field>
<Field id="34" order="320">Legal Status</Field>
<Field id="30" order="340">Accession Number</Field>
<Field id="31" order="350">Call Number</Field>
<Field id="19" order="360">Label</Field>
<Field id="15" order="370">Keywords</Field>
<Field id="18" order="380">Abstract</Field>
<Field id="23" order="390">Notes</Field>
<Field id="49" order="400">Research Notes</Field>
<Field id="20" order="410">URL</Field>
<Field id="44" order="420">Link to PDF</Field>
<Field id="39" order="430">Inventor Address</Field>
<Field id="40" order="440">Image</Field>
<Field id="41" order="450">Caption</Field>
<Field id="51" order="460">Access Date</Field>
<Field id="52" order="470">Last Modified Date</Field>
<Field id="45" order="480">Translated Author</Field>
<Field id="46" order="490">Translated Title</Field>
<Field id="47" order="500">Name of Database</Field>
<Field id="48" order="510">Database Provider</Field>
<Field id="50" order="520">Language</Field>
</Fields>
</RefType>
<RefType id="4" name="Personal Communication" reforder="310"><Fields><Field id="2" order="20">Author</Field>
<Field id="3" order="30">Year</Field>
<Field id="4" order="40">Title</Field>
<Field id="10" order="50">Recipient</Field>
<Field id="11" order="70">City</Field>
<Field id="12" order="80">Publisher</Field>
<Field id="5" order="120">Description</Field>
<Field id="17" order="170">Date</Field>
<Field id="16" order="180">Type</Field>
<Field id="32" order="200">Short Title</Field>
<Field id="43" order="230">Electronic Resource Number</Field>
<Field id="30" order="340">Accession Number</Field>
<Field id="31" order="350">Call Number</Field>
<Field id="19" order="360">Label</Field>
<Field id="15" order="370">Keywords</Field>
<Field id="18" order="380">Abstract</Field>
<Field id="23" order="390">Notes</Field>
<Field id="49" order="400">Research Notes</Field>
<Field id="20" order="410">URL</Field>
<Field id="44" order="420">Link to PDF</Field>
<Field id="39" order="430">Author Address</Field>
<Field id="40" order="440">Image</Field>
<Field id="41" order="450">Caption</Field>
<Field id="51" order="460">Access Date</Field>
<Field id="52" order="470">Last Modified Date</Field>
<Field id="45" order="480">Translated Author</Field>
<Field id="46" order="490">Translated Title</Field>
<Field id="47" order="500">Name of Database</Field>
<Field id="48" order="510">Database Provider</Field>
<Field id="50" order="520">Language</Field>
</Fields>
</RefType>
<RefType id="10" name="Report" reforder="320"><Fields><Field id="2" order="20">Author</Field>
<Field id="3" order="30">Year</Field>
<Field id="4" order="40">Title</Field>
<Field id="10" order="50">Series Editor</Field>
<Field id="6" order="60">Series Title</Field>
<Field id="11" order="70">City</Field>
<Field id="12" order="80">Institution</Field>
<Field id="5" order="120">Pages</Field>
<Field id="17" order="170">Date</Field>
<Field id="16" order="180">Type</Field>
<Field id="32" order="200">Short Title</Field>
<Field id="29" order="210">Alternate Title</Field>
<Field id="24" order="220">Report Number</Field>
<Field id="43" order="230">Electronic Resource Number</Field>
<Field id="36" order="240">Contents</Field>
<Field id="30" order="340">Accession Number</Field>
<Field id="31" order="350">Call Number</Field>
<Field id="19" order="360">Label</Field>
<Field id="15" order="370">Keywords</Field>
<Field id="18" order="380">Abstract</Field>
<Field id="23" order="390">Notes</Field>
<Field id="49" order="400">Research Notes</Field>
<Field id="20" order="410">URL</Field>
<Field id="44" order="420">Link to PDF</Field>
<Field id="39" order="430">Author Address</Field>
<Field id="40" order="440">Image</Field>
<Field id="41" order="450">Caption</Field>
<Field id="51" order="460">Access Date</Field>
<Field id="52" order="470">Last Modified Date</Field>
<Field id="45" order="480">Translated Author</Field>
<Field id="46" order="490">Translated Title</Field>
<Field id="47" order="500">Name of Database</Field>
<Field id="48" order="510">Database Provider</Field>
<Field id="50" order="520">Language</Field>
</Fields>
</RefType>
<RefType id="22" name="Statute" reforder="330"><Fields><Field id="3" order="30">Year</Field>
<Field id="4" order="40">Name of Act</Field>
<Field id="6" order="60">Code</Field>
<Field id="7" order="90">Code Number</Field>
<Field id="8" order="110">Public Law Number</Field>
<Field id="5" order="120">Pages</Field>
<Field id="35" order="130">Sections</Field>
<Field id="14" order="160">Session</Field>
<Field id="17" order="170">Date Enacted</Field>
<Field id="32" order="200">Short Title</Field>
<Field id="43" order="230">Electronic Resource Number</Field>
<Field id="36" order="240">History</Field>
<Field id="30" order="340">Accession Number</Field>
<Field id="31" order="350">Call Number</Field>
<Field id="19" order="360">Label</Field>
<Field id="15" order="370">Keywords</Field>
<Field id="18" order="380">Abstract</Field>
<Field id="23" order="390">Notes</Field>
<Field id="49" order="400">Research Notes</Field>
<Field id="20" order="410">URL</Field>
<Field id="44" order="420">Link to PDF</Field>
<Field id="39" order="430">Author Address</Field>
<Field id="40" order="440">Image</Field>
<Field id="41" order="450">Caption</Field>
<Field id="51" order="460">Access Date</Field>
<Field id="52" order="470">Last Modified Date</Field>
<Field id="45" order="480">Translated Author</Field>
<Field id="46" order="490">Translated Title</Field>
<Field id="47" order="500">Name of Database</Field>
<Field id="48" order="510">Database Provider</Field>
<Field id="50" order="520">Language</Field>
</Fields>
</RefType>
<RefType id="2" name="Thesis" reforder="340"><Fields><Field id="2" order="20">Author</Field>
<Field id="3" order="30">Year</Field>
<Field id="4" order="40">Title</Field>
<Field id="6" order="60">Academic Department</Field>
<Field id="11" order="70">City</Field>
<Field id="12" order="80">University</Field>
<Field id="7" order="90">Degree</Field>
<Field id="5" order="120">Number of Pages</Field>
<Field id="22" order="140">Advisor</Field>
<Field id="17" order="170">Date</Field>
<Field id="16" order="180">Thesis Type</Field>
<Field id="32" order="200">Short Title</Field>
<Field id="43" order="230">Electronic Resource Number</Field>
<Field id="30" order="340">Accession Number</Field>
<Field id="31" order="350">Call Number</Field>
<Field id="19" order="360">Label</Field>
<Field id="15" order="370">Keywords</Field>
<Field id="18" order="380">Abstract</Field>
<Field id="23" order="390">Notes</Field>
<Field id="49" order="400">Research Notes</Field>
<Field id="20" order="410">URL</Field>
<Field id="44" order="420">Link to PDF</Field>
<Field id="39" order="430">Author Address</Field>
<Field id="40" order="440">Image</Field>
<Field id="41" order="450">Caption</Field>
<Field id="51" order="460">Access Date</Field>
<Field id="52" order="470">Last Modified Date</Field>
<Field id="45" order="480">Translated Author</Field>
<Field id="46" order="490">Translated Title</Field>
<Field id="47" order="500">Name of Database</Field>
<Field id="48" order="510">Database Provider</Field>
<Field id="50" order="520">Language</Field>
</Fields>
</RefType>
<RefType id="37" name="Unpublished Work" reforder="350"><Fields><Field id="2" order="20">Author</Field>
<Field id="3" order="30">Year</Field>
<Field id="4" order="40">Title of Work</Field>
<Field id="12" order="80">Institution</Field>
<Field id="8" order="110">Number</Field>
<Field id="5" order="120">Pages</Field>
<Field id="16" order="180">Type of Work</Field>
<Field id="43" order="230">Electronic Resource Number</Field>
<Field id="19" order="360">Label</Field>
<Field id="15" order="370">Keywords</Field>
<Field id="18" order="380">Abstract</Field>
<Field id="23" order="390">Notes</Field>
<Field id="49" order="400">Research Notes</Field>
<Field id="20" order="410">URL</Field>
<Field id="44" order="420">Link to PDF</Field>
<Field id="39" order="430">Author Address</Field>
<Field id="40" order="440">Image</Field>
<Field id="41" order="450">Caption</Field>
<Field id="51" order="460">Access Date</Field>
<Field id="52" order="470">Last Modified Date</Field>
<Field id="45" order="480">Translated Author</Field>
<Field id="46" order="490">Translated Title</Field>
<Field id="47" order="500">Name of Database</Field>
<Field id="48" order="510">Database Provider</Field>
<Field id="50" order="520">Language</Field>
</Fields>
</RefType>
<RefType id="14" name="Unused 1" reforder="360"><Fields></Fields>
</RefType>
<RefType id="23" name="Unused 2" reforder="370"><Fields></Fields>
</RefType>
<RefType id="24" name="Unused 3" reforder="380"><Fields></Fields>
</RefType>
</RefTypes>

